org_lifestage,source_provider,source_ontology,source_term_id,source_term_label,source_term_definition,source_release,source_match_method,source_match_status,candidate_rank,candidate_score,candidate_reason,ecotox_release,harmonized_life_stage,reproductive_stage,derivation_source
Adult,NVS,S11,S1116,adult,An animal that has reached sexual maturity,current,baseline_review,resolved,1,100,exact_normalized_label;baseline_reviewed,ecotox_ascii_03_12_2026.zip,Adult,FALSE,baseline_curated_source_id
Alevin,NVS,S11,S1127,juvenile,An animal that has not yet reached sexual maturity,current,provider_rank,resolved,1,100,exact_normalized_label,ecotox_ascii_03_12_2026.zip,Juvenile,FALSE,baseline_curated_source_id
Blastula,OLS4,UBERON,UBERON:0000307,blastula,Organism at the blastula stage - an early stage of embryonic development in animals. It is produced by cleavage of a fertilized ovum and consists of a spherical layer of around 128 cells surrounding a central fluid-filled cavity called the blastocoel. The blastula follows the morula and precedes the gastrula in the developmental sequence.,current,baseline_review,resolved,1,100,exact_normalized_label;baseline_reviewed,ecotox_ascii_03_12_2026.zip,Egg/Embryo,FALSE,auto_ontology_category_map
Boot,OLS4,PO,PO:0007013,BO.03 late boot stage,In rice the flag leaf sheath is more than 10cm out of the penultimate leaf sheath. Booting is a term used specifically for grasses (Poaceae).,current,baseline_review,resolved,1,75,boundary_match;baseline_reviewed,ecotox_ascii_03_12_2026.zip,Adult,FALSE,auto_ontology_category_map
Bud blast stage,Curated,PO,PO:0025532,bud burst stage,A shoot system development stage during which a shoot system emerges from the bud.,curation_queue,curation_queue,resolved,1,100,OLS4 Plant Ontology exact bud burst stage provides a source-backed phenology mapping; promote from requery with conservative plant adult-stage harmonization.,ecotox_ascii_03_12_2026.zip,Adult,FALSE,curation_queue
Bud or Budding,PlantOntologyOBO,PO,PO:0025528,bud development stage,A shoot system development stage (PO:0025527) that has as primary participant a bud (PO:0009006).,po_current,provider_rank,resolved,1,100,exact_normalized_label,ecotox_ascii_03_12_2026.zip,Adult,FALSE,auto_ontology_category_map
Cleavage stage,OLS4,UBERON,UBERON:0000107,cleavage stage,"The first few specialized divisions of an activated animal egg; Stage consisting of division of cells in the early embryo. The zygotes of many species undergo rapid cell cycles with no significant growth, producing a cluster of cells the same size as the original zygote. The different cells derived from cleavage are called blastomeres and form a compact mass called the morula. Cleavage ends with the formation of the blastula.",current,baseline_review,resolved,1,100,exact_normalized_label;baseline_reviewed,ecotox_ascii_03_12_2026.zip,Egg/Embryo,FALSE,auto_ontology_category_map
Cocoon,OLS4,UBERON,UBERON:0013198,cocoon,analagous to a puparium in other insects,current,baseline_review,resolved,1,100,exact_normalized_label;baseline_reviewed,ecotox_ascii_03_12_2026.zip,Senescent/Dormant,FALSE,baseline_curated_source_id
Copepodid,DevStageOntologies,UBERON,UBERON:0014858,crustacean post-larval stage,A crustacean larval stage characterised by the use of abdominal appendages (pleopods) for propulsion.,obophenotype_life_stages_current,provider_rank,resolved,1,100,exact_normalized_label,ecotox_ascii_03_12_2026.zip,Juvenile,FALSE,auto_ontology_category_map
Copepodite,NVS,S11,S115,copepodite,All sub-stages of the second development stage of copepoda crustaceans following the nauplii stage (N1 to N6) and before reaching the adult stage (sometimes also labelled C6 or CVI).,current,baseline_review,resolved,1,100,exact_normalized_label;baseline_reviewed,ecotox_ascii_03_12_2026.zip,Juvenile,FALSE,baseline_curated_source_id
Corm,OLS4,PO,PO:0025355,corm,"May serve as a storage or perennating organ. Usually underground. A corm differs from a bulb (PO:0025356) in that it does not have fleshy leaves or leaf bases but usually has scale leaves or remnants of dry leaf sheaths that form a protective covering around it. May bear remnants or scars of detached leaves. Adventitious roots may develop from the base of a corm, and these may be contractile, pulling the corm into the soil. Examples include Gladiolus and Crocus. The pseudobulb of an orchid is equivalent to a corm. A corm is very similar to a rhizome (PO:0004542) with very short sympodial units, although not all corms have sympodial growth.",current,baseline_review,resolved,1,100,exact_normalized_label;baseline_reviewed,ecotox_ascii_03_12_2026.zip,Senescent/Dormant,FALSE,auto_ontology_category_map
Cyst,NVS,S11,S1121,cyst,,current,baseline_review,resolved,1,100,exact_normalized_label;baseline_reviewed,ecotox_ascii_03_12_2026.zip,Senescent/Dormant,FALSE,auto_ontology_category_map
Egg,NVS,S11,S1122,egg,"Spherical or ellipsoidal bodies produced by the female of certain animals (e.g. fishes, birds, reptiles).",current,baseline_review,resolved,1,100,exact_normalized_label;baseline_reviewed,ecotox_ascii_03_12_2026.zip,Egg/Embryo,FALSE,baseline_curated_source_id
Egg laying,NVS,S11,S1122,egg,"Spherical or ellipsoidal bodies produced by the female of certain animals (e.g. fishes, birds, reptiles).",current,baseline_review,resolved,1,75,boundary_match;baseline_reviewed,ecotox_ascii_03_12_2026.zip,Egg/Embryo,FALSE,baseline_curated_source_id
Elver,NVS,S11,S1127,juvenile,An animal that has not yet reached sexual maturity,current,provider_rank,resolved,1,100,exact_normalized_label,ecotox_ascii_03_12_2026.zip,Juvenile,FALSE,baseline_curated_source_id
Embryo,NVS,S11,S1106,embryo,The developing unborn or unhatched offspring of a multicellular organism.,current,baseline_review,resolved,1,100,exact_normalized_label;baseline_reviewed,ecotox_ascii_03_12_2026.zip,Egg/Embryo,FALSE,auto_ontology_category_map
Exponential growth phase (log),,,,,,curation_queue,accept_unresolved,unresolved,1,0,"Microbial growth phase, not a life stage",ecotox_ascii_03_12_2026.zip,Other/Unknown,FALSE,curation_queue
"Eyed egg or stage, eyed embryo",Curated,S11,S1106,embryo,The developing unborn or unhatched offspring of a multicellular organism.,curation_queue,curation_queue,resolved,1,100,Automated run produced ambiguous candidates; retain curated source-backed bridge.,ecotox_ascii_03_12_2026.zip,Egg/Embryo,FALSE,curation_queue
F0 generation,,,,,,curation_queue,accept_unresolved,unresolved,1,0,"Generational designation, not a developmental stage",ecotox_ascii_03_12_2026.zip,Other/Unknown,FALSE,curation_queue
F1 generation,,,,,,curation_queue,accept_unresolved,unresolved,1,0,"Generational designation, not a developmental stage",ecotox_ascii_03_12_2026.zip,Other/Unknown,FALSE,curation_queue
F11 generation,,,,,,curation_queue,accept_unresolved,unresolved,1,0,"Generational designation, not a developmental stage",ecotox_ascii_03_12_2026.zip,Other/Unknown,FALSE,curation_queue
F2 generation,,,,,,curation_queue,accept_unresolved,unresolved,1,0,"Generational designation, not a developmental stage",ecotox_ascii_03_12_2026.zip,Other/Unknown,FALSE,curation_queue
F3 generation,,,,,,curation_queue,accept_unresolved,unresolved,1,0,"Generational designation, not a developmental stage",ecotox_ascii_03_12_2026.zip,Other/Unknown,FALSE,curation_queue
F6 generation,,,,,,curation_queue,accept_unresolved,unresolved,1,0,"Generational designation, not a developmental stage",ecotox_ascii_03_12_2026.zip,Other/Unknown,FALSE,curation_queue
F7 generation,,,,,,curation_queue,accept_unresolved,unresolved,1,0,"Generational designation, not a developmental stage",ecotox_ascii_03_12_2026.zip,Other/Unknown,FALSE,curation_queue
Female gametophyte,OLS4,PO,PO:0025279,megagametophyte,"Megagametophytes in bryophytes only produce egg cells, but do not develop from megaspores, because there is no heterospory in bryophytes. In some pteridophytes, megagametophytes develop from megaspores. In angiosperms, Gnetum, and Weltwischia, the megagametophyte is greatly reduced. The megagametophyte in angiosperms is an embryo sac.",current,baseline_review,resolved,1,75,boundary_match;baseline_reviewed,ecotox_ascii_03_12_2026.zip,Adult,TRUE,auto_ontology_category_map
Fingerling,NVS,S11,S1127,juvenile,An animal that has not yet reached sexual maturity,current,provider_rank,resolved,1,100,exact_normalized_label,ecotox_ascii_03_12_2026.zip,Juvenile,FALSE,baseline_curated_source_id
Flower opening,PlantOntologyOBO,PO,PO:0007016,whole plant flowering stage,A sporophyte reproductive stage (PO:0007130) during which a flower (PO:0009046) on a whole plant (PO:0000003) is open.,po_current,provider_rank,resolved,1,100,exact_normalized_label,ecotox_ascii_03_12_2026.zip,Adult,TRUE,auto_ontology_category_map
Froglet,NVS,S11,S1127,juvenile,An animal that has not yet reached sexual maturity,current,provider_rank,resolved,1,100,exact_normalized_label,ecotox_ascii_03_12_2026.zip,Juvenile,FALSE,baseline_curated_source_id
Fry,Curated,FOODON,FOODON:00004318,fry (fish),A fish that is recently hatched and has reached the stage where its yolk-sac has almost disappeared and its swim bladder is operational to the point where the fish can actively feed for itself.,curation_queue,curation_queue,resolved,1,100,Usage-priority review: replace narrow salmon alevin bridge with exact broad fish fry source; harmonized stage remains Juvenile.,ecotox_ascii_03_12_2026.zip,Juvenile,FALSE,curation_queue
Gamete,,,,,,curation_queue,accept_unresolved,unresolved,1,0,"Gamete/cell-type label, not a developmental life stage",ecotox_ascii_03_12_2026.zip,Other/Unknown,FALSE,curation_queue
Gastrula,OLS4,UBERON,UBERON:0004734,gastrula,Organism at the gastrula stage.,current,baseline_review,resolved,1,100,exact_normalized_label;baseline_reviewed,ecotox_ascii_03_12_2026.zip,Egg/Embryo,FALSE,auto_ontology_category_map
Germinated seed,PlantOntologyOBO,PO,PO:0007057,seed germination stage,"A sporophyte vegetative stage (PO:0007134) which begins with the onset of a seed imbibition stage (PO:0007022) and ends with a radicle emergence stage (PO: 0007015), or a coleorhiza emergence stage (PO:0025475), as a result of the growth by the plant embryo (PO:0004537) in a seed (PO:0009010).",po_current,provider_rank,resolved,1,100,exact_normalized_label,ecotox_ascii_03_12_2026.zip,Egg/Embryo,FALSE,auto_ontology_category_map
Gestation,,,,,,curation_queue,accept_unresolved,unresolved,1,0,Pregnancy reproductive physiological state; quarantined because it is not a developmental life stage,ecotox_ascii_03_12_2026.zip,Other/Unknown,TRUE,curation_queue
Glochidia,NVS,S11,S1128,larva,,current,provider_rank,resolved,1,100,exact_normalized_label,ecotox_ascii_03_12_2026.zip,Larva,FALSE,auto_ontology_category_map
Grain or seed formation stage,Curated,PO,PO:0007007,whole plant fruit formation stage 50 to 70%,A whole plant fruit formation stage that spans the interval when the average size of fruits on a whole plant has reached 50% to 70% of its final size.,curation_queue,curation_queue,resolved,1,100,Automated run produced ambiguous candidates; retain curated source-backed bridge.,ecotox_ascii_03_12_2026.zip,Adult,TRUE,curation_queue
Heading,Curated,PO,PO:0007008,IE.02 1/2 of inflorescence emerged from flag leaf sheath stage,The stage at which 1/2 of inflorescence has emerged from flag leaf sheath.,curation_queue,curation_queue,resolved,1,100,Automated run produced ambiguous candidates; retain curated source-backed bridge.,ecotox_ascii_03_12_2026.zip,Adult,TRUE,curation_queue
Imago,NVS,S11,S1116,adult,An animal that has reached sexual maturity,current,provider_rank,resolved,1,100,exact_normalized_label,ecotox_ascii_03_12_2026.zip,Adult,FALSE,baseline_curated_source_id
Immature,NVS,S11,S1171,immature,"This term may have subtle variations in its definition depending on the type of organism it relates to. In a general sense, it applies to organisms that are at the last stage of their juvenile development prior to a fully mature adult stage, ie when an organism looks like an adult but its reproductive organs have not yet reached maturity.",current,baseline_review,resolved,1,100,exact_normalized_label;baseline_reviewed,ecotox_ascii_03_12_2026.zip,Subadult,FALSE,baseline_curated_source_id
Incipient bud,PlantOntologyOBO,PO,PO:0025528,bud development stage,A shoot system development stage (PO:0025527) that has as primary participant a bud (PO:0009006).,po_current,provider_rank,resolved,1,100,exact_normalized_label,ecotox_ascii_03_12_2026.zip,Adult,FALSE,auto_ontology_category_map
Instar,NVS,S11,S1105,first juvenile instar,"The first-juvenile instar is the first developmental phase for certain juvenile arthropods and crustaceans. Larval development typically consists of series of stages in which each stage is separated from the next by a molt. An instar is usually defined as the period between molts (ecdyses), and synonymous to the first developmental phase in the juvenile lifestage.",current,baseline_review,resolved,1,75,boundary_match;baseline_reviewed,ecotox_ascii_03_12_2026.zip,Larva,FALSE,auto_ontology_category_map
Intermolt,,,,,,curation_queue,accept_unresolved,unresolved,1,0,Arthropod state between molts; biologically meaningful but not a clean harmonized life-stage mapping,ecotox_ascii_03_12_2026.zip,Other/Unknown,FALSE,curation_queue
Internode elongation,OLS4,PO,PO:0007079,SE.00 stem elongation begins stage,"A measure of vegetative growth, but leaf production is to be preferred.",current,provider_rank,resolved,1,100,exact_normalized_label,ecotox_ascii_03_12_2026.zip,Adult,FALSE,manual_derivation
Jointing,OLS4,PO,PO:0007079,SE.00 stem elongation begins stage,"A measure of vegetative growth, but leaf production is to be preferred.",current,provider_rank,resolved,1,100,exact_normalized_label,ecotox_ascii_03_12_2026.zip,Adult,FALSE,manual_derivation
Juvenile,NVS,S11,S1127,juvenile,An animal that has not yet reached sexual maturity,current,baseline_review,resolved,1,100,exact_normalized_label;baseline_reviewed,ecotox_ascii_03_12_2026.zip,Juvenile,FALSE,baseline_curated_source_id
Lactational,,,,,,curation_queue,accept_unresolved,unresolved,1,0,Lactational reproductive physiological state; quarantined because it is not a developmental life stage,ecotox_ascii_03_12_2026.zip,Other/Unknown,TRUE,curation_queue
Lag growth phase,,,,,,curation_queue,accept_unresolved,unresolved,1,0,"Microbial growth phase, not a life stage",ecotox_ascii_03_12_2026.zip,Other/Unknown,FALSE,curation_queue
Larva,NVS,S11,S1128,larva,,current,baseline_review,resolved,1,100,exact_normalized_label;baseline_reviewed,ecotox_ascii_03_12_2026.zip,Larva,FALSE,auto_ontology_category_map
Larva-pupa,,,,,,curation_queue,accept_unresolved,unresolved,1,0,Mixed metamorphic label spanning larval and pupal stages; not a single harmonized stage,ecotox_ascii_03_12_2026.zip,Other/Unknown,FALSE,curation_queue
Male gametophyte,OLS4,PO,PO:0025280,microgametophyte,"The microgametophyte in bryophytes only produce sperm cells, but do not develop from microspores, because there is no heterospory in bryophytes. In seed plants the male gametophyte is reduced to a pollen grain.",current,baseline_review,resolved,1,75,boundary_match;baseline_reviewed,ecotox_ascii_03_12_2026.zip,Adult,TRUE,baseline_curated_source_id
Mature,Curated,PO,PO:0001016,L mature pollen stage,Stage of microgametophyte development during which the pollen reaches mature stage and desiccates.,curation_queue,curation_queue,resolved,1,100,Automated run produced ambiguous candidates; retain curated source-backed bridge.,ecotox_ascii_03_12_2026.zip,Adult,FALSE,curation_queue
Mature (full-bloom stage) organism,PlantOntologyOBO,PO,PO:0007016,whole plant flowering stage,A sporophyte reproductive stage (PO:0007130) during which a flower (PO:0009046) on a whole plant (PO:0000003) is open.,po_current,provider_rank,resolved,1,100,exact_normalized_label,ecotox_ascii_03_12_2026.zip,Adult,TRUE,auto_ontology_category_map
Mature dormant,Curated,PO,PO:0007132,sporophyte dormant stage,A sporophyte development stage during which a sporophyte participates in a dormancy process.,curation_queue,curation_queue,resolved,1,100,Audit and curated-candidate artifacts provide a stable source-backed ontology term; promote to manual force_candidate with definition preserved.,ecotox_ascii_03_12_2026.zip,Senescent/Dormant,FALSE,curation_queue
Mature reproductive,NVS,S11,S1116,adult,An animal that has reached sexual maturity,current,provider_rank,resolved,1,100,exact_normalized_label,ecotox_ascii_03_12_2026.zip,Adult,FALSE,baseline_curated_source_id
Mature vegetative,Curated,PO,PO:0007134,sporophyte vegetative stage,A sporophyte development stage that occurs during the interval between the first division of a plant zygote and the formation of a sporangium.,curation_queue,curation_queue,resolved,1,100,Audit and curated-candidate artifacts provide a stable source-backed ontology term; promote to manual force_candidate with definition preserved.,ecotox_ascii_03_12_2026.zip,Adult,FALSE,curation_queue
"Mature, pit-hardening stage (fruit trees)",Curated,PO,PO:0007007,whole plant fruit formation stage 50 to 70%,A whole plant fruit formation stage that spans the interval when the average size of fruits on a whole plant has reached 50% to 70% of its final size.,curation_queue,curation_queue,resolved,1,100,Automated run produced ambiguous candidates; retain curated source-backed bridge.,ecotox_ascii_03_12_2026.zip,Adult,TRUE,curation_queue
"Mature, post-bloom stage (fruit trees)",Curated,PO,PO:0007007,whole plant fruit formation stage 50 to 70%,A whole plant fruit formation stage that spans the interval when the average size of fruits on a whole plant has reached 50% to 70% of its final size.,curation_queue,curation_queue,resolved,1,100,Automated run produced ambiguous candidates; retain curated source-backed bridge.,ecotox_ascii_03_12_2026.zip,Adult,TRUE,curation_queue
"Mature, side-green stage (fruit trees)",Curated,PO,PO:0007007,whole plant fruit formation stage 50 to 70%,A whole plant fruit formation stage that spans the interval when the average size of fruits on a whole plant has reached 50% to 70% of its final size.,curation_queue,curation_queue,resolved,1,100,Automated run produced ambiguous candidates; retain curated source-backed bridge.,ecotox_ascii_03_12_2026.zip,Adult,TRUE,curation_queue
Megalopa,NVS,S11,S1167,megalopa,Organisms at the final larval development stage of decapod crustaceans (e.g. crabs) following the zoea and preceding the adult stage.,current,baseline_review,resolved,1,100,exact_normalized_label;baseline_reviewed,ecotox_ascii_03_12_2026.zip,Larva,FALSE,baseline_curated_source_id
Mid-neurula,Curated,AMPHX,AMPHX:0000043,neurula-N3 stage,6-7 somite pairs,curation_queue,curation_queue,resolved,1,100,OLS4 AMPHX gives a specific mid-neurula amphibian stage; promote from requery as embryo-stage source-backed mapping.,ecotox_ascii_03_12_2026.zip,Egg/Embryo,FALSE,curation_queue
Molt,,,,,,curation_queue,accept_unresolved,unresolved,1,0,Arthropod ecdysis event/state; not a single harmonized developmental stage,ecotox_ascii_03_12_2026.zip,Other/Unknown,FALSE,curation_queue
Morula,OLS4,UBERON,UBERON:0000085,morula,A spherical embryonic mass of blastomeres formed before the blastula and resulting from cleavage of the fertilized ovum.,current,baseline_review,resolved,1,100,exact_normalized_label;baseline_reviewed,ecotox_ascii_03_12_2026.zip,Egg/Embryo,FALSE,auto_ontology_category_map
Multiple,,,,,,curation_queue,accept_unresolved,unresolved,1,0,Multiple life stages combined; not a single resolvable developmental stage,ecotox_ascii_03_12_2026.zip,Other/Unknown,FALSE,curation_queue
Mysis,NVS,S11,S1161,mysis,Free-swimming planktonic larval forms of decapod crustaceans (especially shrimps) with three recognised development sub-stages. First sub-stage produced from protozoeae by moulting.,current,baseline_review,resolved,1,100,exact_normalized_label;baseline_reviewed,ecotox_ascii_03_12_2026.zip,Larva,FALSE,auto_ontology_category_map
Naiad,DevStageOntologies,UBERON,UBERON:0000069,larval stage,"A distinct juvenile stage many animals undergo before metamorphosis into adults. Animals with indirect development such as insects, amphibians, or cnidarians typically have a larval phase of their life cycle.",obophenotype_life_stages_current,provider_rank,resolved,1,75,boundary_match,ecotox_ascii_03_12_2026.zip,Larva,FALSE,auto_ontology_category_map
Nauplii,NVS,S11,S1115,N1-6,This code is equivalent to S1130 and has been deprecated.,current,baseline_review,resolved,1,100,exact_normalized_label;baseline_reviewed,ecotox_ascii_03_12_2026.zip,Larva,FALSE,auto_ontology_category_map
Neonate,OLS4,UBERON,UBERON:0007221,neonate stage,"Of or pertaining to the period of time immediately following birth, or to the newborn.",current,baseline_review,resolved,1,75,boundary_match;baseline_reviewed,ecotox_ascii_03_12_2026.zip,Larva,FALSE,auto_ontology_category_map
Neurala,Curated,UBERON,UBERON:0000110,neurula stage,A chordate developmental stage defined by formation of the neural tube from the neural plate.,curation_queue,curation_queue,resolved,1,100,Treat ECOTOX spelling variant as neurula stage; OLS4/UBERON provides stable source-backed embryo-stage mapping.,ecotox_ascii_03_12_2026.zip,Egg/Embryo,FALSE,curation_queue
"New, newly or recent hatch",Curated,FOODON,FOODON:00004300,hatchling,A newly hatched animal.,curation_queue,curation_queue,resolved,1,100,Usage-priority review: replace overbroad neonate bridge with exact hatchling source; retain Larva harmonization used for newly hatched stages.,ecotox_ascii_03_12_2026.zip,Larva,FALSE,curation_queue
Newborn,NVS,S11,S1172,newborn,"A newly born vertebrate (fishes, amphibians, reptiles, birds, mammals). The term 'hatchling' is used for newborn emerged from an egg.",current,baseline_review,resolved,1,100,exact_normalized_label;baseline_reviewed,ecotox_ascii_03_12_2026.zip,Larva,FALSE,auto_ontology_category_map
Not coded,,,,,,curation_queue,accept_unresolved,unresolved,1,0,Maps to Unspecified; no ontology source; data quality artifact,ecotox_ascii_03_12_2026.zip,Unspecified,FALSE,curation_queue
Not intact,,,,,,curation_queue,accept_unresolved,unresolved,1,0,Maps to Unspecified; no ontology source; data quality artifact,ecotox_ascii_03_12_2026.zip,Unspecified,FALSE,curation_queue
Not reported,,,,,,curation_queue,accept_unresolved,unresolved,1,0,Maps to Unspecified; no ontology source; data quality artifact,ecotox_ascii_03_12_2026.zip,Unspecified,FALSE,curation_queue
Nymph,OLS4,UBERON,UBERON:0014405,nymph stage,A larval stage of that is the immature stage of some invertebrates that undergoe gradual metamorphosis (hemimetabolism) before reaching its adult stage.,current,baseline_review,resolved,1,75,boundary_match;baseline_reviewed,ecotox_ascii_03_12_2026.zip,Larva,FALSE,auto_ontology_category_map
"Oocyte, ova",,,,,,curation_queue,accept_unresolved,unresolved,1,0,"Gamete/cell-type label, not a developmental life stage",ecotox_ascii_03_12_2026.zip,Other/Unknown,FALSE,curation_queue
Parr,NVS,S11,S1127,juvenile,An animal that has not yet reached sexual maturity,current,provider_rank,resolved,1,100,exact_normalized_label,ecotox_ascii_03_12_2026.zip,Juvenile,FALSE,baseline_curated_source_id
"Pollen, pollen grain",,,,,,curation_queue,accept_unresolved,unresolved,1,0,"Plant gametophyte structure/cell-type label, not an organism developmental life stage",ecotox_ascii_03_12_2026.zip,Other/Unknown,FALSE,curation_queue
Post-embryo,NVS,S11,S1106,embryo,The developing unborn or unhatched offspring of a multicellular organism.,current,baseline_review,resolved,1,75,boundary_match;baseline_reviewed,ecotox_ascii_03_12_2026.zip,Egg/Embryo,FALSE,auto_ontology_category_map
Post-emergence,Curated,UBERON,UBERON:0000113,post-juvenile adult stage,The stage of being a sexually mature adult animal.,curation_queue,curation_queue,resolved,1,100,Audit and curated-candidate artifacts provide a stable source-backed ontology term; promote to manual force_candidate with definition preserved.,ecotox_ascii_03_12_2026.zip,Adult,FALSE,curation_queue
Post-hatch,Curated,FOODON,FOODON:00004300,hatchling,A newly hatched animal.,curation_queue,curation_queue,resolved,1,100,Usage-priority review: replace post-embryonic source that harmonized to Egg/Embryo with hatchling source and Larva harmonization.,ecotox_ascii_03_12_2026.zip,Larva,FALSE,curation_queue
Post-larva,NVS,S11,S1128,larva,,current,baseline_review,resolved,1,75,boundary_match;baseline_reviewed,ecotox_ascii_03_12_2026.zip,Larva,FALSE,auto_ontology_category_map
Post-molt,,,,,,curation_queue,accept_unresolved,unresolved,1,0,Arthropod post-ecdysis state; not a single harmonized developmental stage,ecotox_ascii_03_12_2026.zip,Other/Unknown,FALSE,curation_queue
Post-nauplius,NVS,S11,S1130,nauplius,All sub-stages of the first development stage of crustaceans after hatching.,current,baseline_review,resolved,1,75,boundary_match;baseline_reviewed,ecotox_ascii_03_12_2026.zip,Larva,FALSE,auto_ontology_category_map
Post-smolt,NVS,S11,S1173,smolt,A young salmon or sea-going trout that is at the stage of development when it assumes a silvery color and is physiologically ready to migrate to the sea.,current,baseline_review,resolved,1,75,boundary_match;baseline_reviewed,ecotox_ascii_03_12_2026.zip,Juvenile,FALSE,baseline_curated_source_id
Post-spawning,,,,,,curation_queue,accept_unresolved,unresolved,1,0,Post-reproductive event/state; quarantined because it is not a developmental stage,ecotox_ascii_03_12_2026.zip,Other/Unknown,TRUE,curation_queue
Postpartum,,,,,,curation_queue,accept_unresolved,unresolved,1,0,Post-birth reproductive physiological period; quarantined because it is not a developmental life stage,ecotox_ascii_03_12_2026.zip,Other/Unknown,TRUE,curation_queue
"Pre-, sub-, semi-, near adult, or peripubertal",NVS,S11,S1116,adult,An animal that has reached sexual maturity,current,baseline_review,resolved,1,75,boundary_match;baseline_reviewed,ecotox_ascii_03_12_2026.zip,Adult,FALSE,baseline_curated_source_id
Pre-hatch,NVS,S11,S1106,embryo,The developing unborn or unhatched offspring of a multicellular organism.,current,provider_rank,resolved,1,100,exact_normalized_label,ecotox_ascii_03_12_2026.zip,Egg/Embryo,FALSE,auto_ontology_category_map
Pre-larva,NVS,S11,S1128,larva,,current,baseline_review,resolved,1,75,boundary_match;baseline_reviewed,ecotox_ascii_03_12_2026.zip,Larva,FALSE,auto_ontology_category_map
Pre-molt,,,,,,curation_queue,accept_unresolved,unresolved,1,0,Arthropod pre-ecdysis state; not a single harmonized developmental stage,ecotox_ascii_03_12_2026.zip,Other/Unknown,FALSE,curation_queue
Pre-smolt,NVS,S11,S1173,smolt,A young salmon or sea-going trout that is at the stage of development when it assumes a silvery color and is physiologically ready to migrate to the sea.,current,baseline_review,resolved,1,75,boundary_match;baseline_reviewed,ecotox_ascii_03_12_2026.zip,Juvenile,FALSE,baseline_curated_source_id
Pre-spawning,,,,,,curation_queue,accept_unresolved,unresolved,1,0,Pre-reproductive event/state; quarantined because it is not a developmental stage,ecotox_ascii_03_12_2026.zip,Other/Unknown,TRUE,curation_queue
Prebloom,PlantOntologyOBO,PO,PO:0025528,bud development stage,A shoot system development stage (PO:0025527) that has as primary participant a bud (PO:0009006).,po_current,provider_rank,resolved,1,100,exact_normalized_label,ecotox_ascii_03_12_2026.zip,Adult,FALSE,auto_ontology_category_map
Prepupal,Curated,UBERON,UBERON:0000070,pupal stage,A life cycle stage of holometabolous insects in which the organism is a pupa and starts with larval-pupal apolysis and ends with pupal-adult apolysis.,curation_queue,curation_queue,resolved,1,100,Automated run produced ambiguous candidates; retain curated source-backed bridge.,ecotox_ascii_03_12_2026.zip,Larva,FALSE,curation_queue
Prolarva,NVS,S11,S1128,larva,,current,provider_rank,resolved,1,100,exact_normalized_label,ecotox_ascii_03_12_2026.zip,Larva,FALSE,auto_ontology_category_map
Protolarvae,Curated,DpseDv,DpseDv:0000003,larval stage,A distinct juvenile stage many animals undergo before metamorphosis into adults.,curation_queue,curation_queue,resolved,1,100,Automated run produced ambiguous candidates; retain curated source-backed bridge.,ecotox_ascii_03_12_2026.zip,Larva,FALSE,curation_queue
Protozoea,NVS,S11,S1160,protozoea,"Free-swimming planktonic larval forms of decapod crustaceans with three recognised development sub-stages (Dall et al., 1990).",current,baseline_review,resolved,1,100,exact_normalized_label;baseline_reviewed,ecotox_ascii_03_12_2026.zip,Larva,FALSE,baseline_curated_source_id
Pullet,NVS,S11,S1127,juvenile,An animal that has not yet reached sexual maturity,current,provider_rank,resolved,1,100,exact_normalized_label,ecotox_ascii_03_12_2026.zip,Juvenile,FALSE,baseline_curated_source_id
Pupa,NVS,S11,S1180,pupa,An organism at the pupal stage. A life stage of some insects undergoing a complete metamorphosis between immature (larva) and mature (adult or imago) stages.,current,baseline_review,resolved,1,100,exact_normalized_label;baseline_reviewed,ecotox_ascii_03_12_2026.zip,Larva,FALSE,auto_ontology_category_map
Rhizome,OLS4,PO,PO:0004542,rhizome,"In ferns and many monocots, a rhizome is a primary axis (stem), while in other species, it is a branch. Usually produces scale-like leaves.",current,baseline_review,resolved,1,100,exact_normalized_label;baseline_reviewed,ecotox_ascii_03_12_2026.zip,Adult,FALSE,auto_ontology_category_map
Rooted cuttings,,,,,,curation_queue,accept_unresolved,unresolved,1,0,"Plant propagation material, not a developmental life stage",ecotox_ascii_03_12_2026.zip,Other/Unknown,FALSE,curation_queue
Rootstock,,,,,,curation_queue,accept_unresolved,unresolved,1,0,"Plant propagation material or structure, not a developmental life stage",ecotox_ascii_03_12_2026.zip,Other/Unknown,FALSE,curation_queue
"Sac fry, yolk sac fry",Curated,S11,S1187,yolk-sac larva,A fish life stage between hatching and until complete absorption of yolk-sac.,curation_queue,curation_queue,resolved,1,100,Usage-priority review: raw term explicitly indicates sac/yolk-sac fry; use NVS yolk-sac larva instead of invalid S11:S115 fry bridge.,ecotox_ascii_03_12_2026.zip,Larva,FALSE,curation_queue
Sapling,Curated,PO,PO:0007134,sporophyte vegetative stage,A sporophyte development stage that occurs during the interval between the first division of a plant zygote and the formation of a sporangium.,curation_queue,curation_queue,resolved,1,100,Automated replacement changes harmonized semantics; retain curated source-backed bridge.,ecotox_ascii_03_12_2026.zip,Adult,FALSE,curation_queue
Scape elongation,PlantOntologyOBO,PO,PO:0007089,stem elongation stage,The stage at which the internodes elongate.,po_current,provider_rank,resolved,1,100,exact_normalized_label,ecotox_ascii_03_12_2026.zip,Adult,FALSE,auto_ontology_category_map
Seed,OLS4,PO,PO:0009010,seed,"A seed generally develops from an ovule (PO:0020003) after fertilization, but may develop without fertilization in the case of apogamy (e.g., adventitious embryos or somatic embryos). A seed is a reproductive unit of seed plants (gymnosperms, angiosperms, and fossil pteridosperms).",current,baseline_review,resolved,1,100,exact_normalized_label;baseline_reviewed,ecotox_ascii_03_12_2026.zip,Egg/Embryo,FALSE,auto_ontology_category_map
Seedling,OLS4,PO,PO:0008037,seedling,"A young plant derived from a newly germinated seed, up until the development of the first true leaf.",current,baseline_review,resolved,1,100,exact_normalized_label;baseline_reviewed,ecotox_ascii_03_12_2026.zip,Juvenile,FALSE,auto_ontology_category_map
Senescence,OLS4,PO,PO:0001036,H anther senescence stage,Stage during which the senescence of anther and stamen occurs. Shrinkage of cells and anther structure takes place.,current,baseline_review,resolved,1,75,boundary_match;baseline_reviewed,ecotox_ascii_03_12_2026.zip,Senescent/Dormant,FALSE,auto_ontology_category_map
Sexually immature,NVS,S11,S1171,immature,"This term may have subtle variations in its definition depending on the type of organism it relates to. In a general sense, it applies to organisms that are at the last stage of their juvenile development prior to a fully mature adult stage, ie when an organism looks like an adult but its reproductive organs have not yet reached maturity.",current,baseline_review,resolved,1,75,boundary_match;baseline_reviewed,ecotox_ascii_03_12_2026.zip,Subadult,FALSE,baseline_curated_source_id
Sexually mature,NVS,S11,S1116,adult,An animal that has reached sexual maturity,current,provider_rank,resolved,1,100,exact_normalized_label,ecotox_ascii_03_12_2026.zip,Adult,FALSE,baseline_curated_source_id
Shoot,,,,,,curation_queue,accept_unresolved,unresolved,1,0,"Plant structure label, not a developmental life stage",ecotox_ascii_03_12_2026.zip,Other/Unknown,FALSE,curation_queue
Smolt,NVS,S11,S1173,smolt,A young salmon or sea-going trout that is at the stage of development when it assumes a silvery color and is physiologically ready to migrate to the sea.,current,baseline_review,resolved,1,100,exact_normalized_label;baseline_reviewed,ecotox_ascii_03_12_2026.zip,Juvenile,FALSE,baseline_curated_source_id
Spat,NVS,S11,S1170,spat,"Shellfish larvae of the Bivalvia class (e.g. oysters, mussels, scallops) that have settled on a substrate following the end of their planktonic life stage (plural form may be spat or spats).",current,baseline_review,resolved,1,100,exact_normalized_label;baseline_reviewed,ecotox_ascii_03_12_2026.zip,Juvenile,FALSE,auto_ontology_category_map
Spawning,,,,,,curation_queue,accept_unresolved,unresolved,1,0,Reproductive event/activity; quarantined because it is not a developmental life stage,ecotox_ascii_03_12_2026.zip,Other/Unknown,TRUE,curation_queue
Sperm,,,,,,curation_queue,accept_unresolved,unresolved,1,0,"Gamete or cell-type label, not a developmental life stage",ecotox_ascii_03_12_2026.zip,Other/Unknown,FALSE,curation_queue
Spore,NVS,S11,S1135,spore,,current,baseline_review,resolved,1,100,exact_normalized_label;baseline_reviewed,ecotox_ascii_03_12_2026.zip,Senescent/Dormant,FALSE,baseline_curated_source_id
Sporeling,Curated,PO,PO:0008037,juvenile vascular leaf stage,,curation_queue,force_unresolved,unresolved,1,0,Retain candidate metadata for review only; do not ship as a resolved dictionary mapping without source-backed support.,ecotox_ascii_03_12_2026.zip,Juvenile,FALSE,curation_queue
Stationary growth phase,,,,,,curation_queue,accept_unresolved,unresolved,1,0,"Microbial growth phase, not a life stage",ecotox_ascii_03_12_2026.zip,Other/Unknown,FALSE,curation_queue
Subadult,Curated,S11,S1116,adult,An animal that has reached sexual maturity,curation_queue,curation_queue,resolved,1,100,Automated run produced ambiguous candidates; retain curated source-backed bridge.,ecotox_ascii_03_12_2026.zip,Juvenile,FALSE,curation_queue
Swim-up,Curated,FOODON,FOODON:00004318,fry (fish),A fish that is recently hatched and has reached the stage where its yolk-sac has almost disappeared and its swim bladder is operational to the point where the fish can actively feed for itself.,curation_queue,curation_queue,resolved,1,100,Usage-priority review: swim-up is a free-feeding fry state; use exact broad fish fry source and keep Juvenile harmonization.,ecotox_ascii_03_12_2026.zip,Juvenile,FALSE,curation_queue
Tadpole,OLS4,UBERON,UBERON:0002547,tadpole,An an organism at the tadpole stage.,current,baseline_review,resolved,1,100,exact_normalized_label;baseline_reviewed,ecotox_ascii_03_12_2026.zip,Larva,FALSE,auto_ontology_category_map
Tiller stage,Curated,PO,PO:0007073,2 formation of axillary shoot stage,The stage at which the axillary shoots are forming.,curation_queue,curation_queue,resolved,1,100,Audit and curated-candidate artifacts provide a stable source-backed ontology term; promote to manual force_candidate with definition preserved.,ecotox_ascii_03_12_2026.zip,Adult,FALSE,curation_queue
Tissue culture callus,PlantOntologyOBO,PO,PO:0000009,cultured plant callus,A plant callus (PO:0005052) grown or maintained in vitro.,po_current,provider_rank,resolved,1,100,exact_normalized_label,ecotox_ascii_03_12_2026.zip,Other/Unknown,FALSE,manual_derivation
Trophozoite,,,,,,curation_queue,accept_unresolved,unresolved,1,0,Protozoan feeding-form stage; biologically real but not a clean fit to the harmonized stage model,ecotox_ascii_03_12_2026.zip,Other/Unknown,FALSE,curation_queue
Tuber,OLS4,PO,PO:0025522,tuber,"Functions in storage of photosynthate metabolites. May develop from a branch (PO:0025073) or a root (PO:0009005).  If you are annotating to tuber, you should pick the more specific child term: shoot axis tuber (PO:0004543) or tuberous root tuber (PO:0025476).",current,baseline_review,resolved,1,100,exact_normalized_label;baseline_reviewed,ecotox_ascii_03_12_2026.zip,Senescent/Dormant,FALSE,auto_ontology_category_map
Turion,,,,,,curation_queue,accept_unresolved,unresolved,1,0,Plant dormant propagule term with competing PO shoot-system candidates; not yet a clean single-source mapping,ecotox_ascii_03_12_2026.zip,Other/Unknown,FALSE,curation_queue
Underyearling,NVS,S11,S1127,juvenile,An animal that has not yet reached sexual maturity,current,provider_rank,resolved,1,100,exact_normalized_label,ecotox_ascii_03_12_2026.zip,Juvenile,FALSE,baseline_curated_source_id
Unspecified,,,,,,curation_queue,accept_unresolved,unresolved,1,0,Maps to Unspecified; no ontology source; data quality artifact,ecotox_ascii_03_12_2026.zip,Unspecified,FALSE,curation_queue
Veliger,NVS,S11,S1193,veliger,Planktonic larva typical of many marine and freshwater snails and bivalves. The veliger develops from the trochophore larva.,current,baseline_review,resolved,1,100,exact_normalized_label;baseline_reviewed,ecotox_ascii_03_12_2026.zip,Larva,FALSE,auto_ontology_category_map
Virgin,NVS,S11,S1116,adult,An animal that has reached sexual maturity,current,provider_rank,resolved,1,100,exact_normalized_label,ecotox_ascii_03_12_2026.zip,Adult,FALSE,baseline_curated_source_id
Weanling,NVS,S11,S1127,juvenile,An animal that has not yet reached sexual maturity,current,provider_rank,resolved,1,100,exact_normalized_label,ecotox_ascii_03_12_2026.zip,Juvenile,FALSE,baseline_curated_source_id
Yearling,NVS,S11,S1127,juvenile,An animal that has not yet reached sexual maturity,current,provider_rank,resolved,1,100,exact_normalized_label,ecotox_ascii_03_12_2026.zip,Juvenile,FALSE,baseline_curated_source_id
"Yolk sac larvae, sac larvae",Curated,S11,S1187,yolk-sac larva,A fish life stage between hatching and until complete absorption of yolk-sac.,curation_queue,curation_queue,resolved,1,100,Usage-priority review: keep exact NVS yolk-sac larva instead of broader larva replacement.,ecotox_ascii_03_12_2026.zip,Larva,FALSE,curation_queue
Young,Curated,S11,S1127,juvenile,An animal that has not yet reached sexual maturity,curation_queue,curation_queue,resolved,1,100,Automated run produced ambiguous candidates; retain curated source-backed bridge.,ecotox_ascii_03_12_2026.zip,Juvenile,FALSE,curation_queue
Young adult,NVS,S11,S1116,adult,An animal that has reached sexual maturity,current,baseline_review,resolved,1,75,boundary_match;baseline_reviewed,ecotox_ascii_03_12_2026.zip,Adult,FALSE,baseline_curated_source_id
Young of year,NVS,S11,S1127,juvenile,An animal that has not yet reached sexual maturity,current,provider_rank,resolved,1,100,exact_normalized_label,ecotox_ascii_03_12_2026.zip,Juvenile,FALSE,baseline_curated_source_id
Zoea,NVS,S11,S1137,zoea,"Free-swimming planktonic larval form of decapod crustaceans (especially crabs) with a relatively large cephalothorax, conspicuous eyes, and fringed antennae and mouthparts.",current,baseline_review,resolved,1,100,exact_normalized_label;baseline_reviewed,ecotox_ascii_03_12_2026.zip,Larva,FALSE,baseline_curated_source_id
Zygospore,Curated,S11,S1134,resting spore,"A resting spore is a dormant, environmentally resistant spore stage.",curation_queue,curation_queue,resolved,1,100,Automated run produced ambiguous candidates; retain curated source-backed bridge.,ecotox_ascii_03_12_2026.zip,Senescent/Dormant,FALSE,curation_queue
Zygote,OLS4,UBERON,CL:0010017,zygote,A zygote in a plant or an animal.,current,baseline_review,resolved,1,100,exact_normalized_label;baseline_reviewed,ecotox_ascii_03_12_2026.zip,Egg/Embryo,FALSE,auto_ontology_category_map
